<?xml version="1.0" encoding="UTF-8"?>
<project version="4">
  <component name="ArtifactsWorkspaceSettings">
    <artifacts-to-build>
      <artifact name="hike-project:war exploded" />
    </artifacts-to-build>
  </component>
  <component name="AutoImportSettings">
    <option name="autoReloadType" value="SELECTIVE" />
  </component>
  <component name="ChangeListManager">
    <list default="true" id="5dd4b3f7-9973-45cb-8a01-7d0a7433cd42" name="변경" comment="&quot;Design: 일정 페이지 css 다시 추가&quot;">
      <change beforePath="$PROJECT_DIR$/src/main/webapp/WEB-INF/views/club/gallery-add.jsp" beforeDir="false" />
      <change beforePath="$PROJECT_DIR$/src/main/webapp/WEB-INF/views/club/gallery.jsp" beforeDir="false" afterPath="$PROJECT_DIR$/src/main/webapp/WEB-INF/views/club/gallery.jsp" afterDir="false" />
      <change beforePath="$PROJECT_DIR$/src/main/webapp/WEB-INF/views/club/hike.jsp" beforeDir="false" afterPath="$PROJECT_DIR$/src/main/webapp/WEB-INF/views/club/hike.jsp" afterDir="false" />
      <change beforePath="$PROJECT_DIR$/src/main/webapp/WEB-INF/views/club/scheduler.jsp" beforeDir="false" afterPath="$PROJECT_DIR$/src/main/webapp/WEB-INF/views/club/scheduler.jsp" afterDir="false" />
      <change beforePath="$PROJECT_DIR$/src/main/webapp/WEB-INF/views/club/view.jsp" beforeDir="false" afterPath="$PROJECT_DIR$/src/main/webapp/WEB-INF/views/club/view.jsp" afterDir="false" />
      <change beforePath="$PROJECT_DIR$/src/main/webapp/resources/static/css/routes/club-view.css" beforeDir="false" afterPath="$PROJECT_DIR$/src/main/webapp/resources/static/css/routes/club-view.css" afterDir="false" />
      <change beforePath="$PROJECT_DIR$/src/main/webapp/resources/static/js/club-view.js" beforeDir="false" afterPath="$PROJECT_DIR$/src/main/webapp/resources/static/js/club-view.js" afterDir="false" />
    </list>
    <option name="SHOW_DIALOG" value="false" />
    <option name="HIGHLIGHT_CONFLICTS" value="true" />
    <option name="HIGHLIGHT_NON_ACTIVE_CHANGELIST" value="false" />
    <option name="LAST_RESOLUTION" value="IGNORE" />
  </component>
  <component name="FileTemplateManagerImpl">
    <option name="RECENT_TEMPLATES">
      <list>
        <option value="JavaScript File" />
        <option value="Jsp File" />
      </list>
    </option>
  </component>
  <component name="Git.Settings">
    <option name="RECENT_GIT_ROOT_PATH" value="$PROJECT_DIR$" />
  </component>
  <component name="LogFilters">
    <option name="FILTER_ERRORS" value="false" />
    <option name="FILTER_WARNINGS" value="false" />
    <option name="FILTER_INFO" value="true" />
    <option name="FILTER_DEBUG" value="true" />
    <option name="CUSTOM_FILTER" />
  </component>
  <component name="ProjectColorInfo">{
  &quot;associatedIndex&quot;: 2
}</component>
  <component name="ProjectId" id="2oS9J6Ngn0pTmZODDNc5hEnUiJF" />
  <component name="ProjectViewState">
    <option name="hideEmptyMiddlePackages" value="true" />
    <option name="showLibraryContents" value="true" />
  </component>
  <component name="PropertiesComponent"><![CDATA[{
  "keyToString": {
    "RunOnceActivity.ShowReadmeOnStart": "true",
    "Tomcat 서버.Tomcat 9.0.93.executor": "Run",
    "git-widget-placeholder": "main",
    "kotlin-language-version-configured": "true",
    "last_opened_file_path": "C:/class/springProject/hike-project/src/main/webapp/resources/static/js",
    "node.js.detected.package.eslint": "true",
    "node.js.detected.package.tslint": "true",
    "node.js.selected.package.eslint": "(autodetect)",
    "node.js.selected.package.tslint": "(autodetect)",
    "nodejs_package_manager_path": "npm",
    "project.structure.last.edited": "아티팩트",
    "project.structure.proportion": "0.0",
    "project.structure.side.proportion": "0.2",
    "settings.editor.selected.configurable": "project.propCompiler",
    "vue.rearranger.settings.migration": "true"
  }
}]]></component>
  <component name="RecentsManager">
    <key name="CopyFile.RECENT_KEYS">
      <recent name="C:\class\springProject\hike-project\src\main\webapp\resources\static\js" />
      <recent name="C:\class\springProject\hike-project\src\main\webapp\resources\static\calendar" />
    </key>
    <key name="MoveFile.RECENT_KEYS">
      <recent name="C:\class\springProject\hike-project\src\main\webapp\resources\static\images\club" />
      <recent name="C:\class\springProject\hike-project\src\main\webapp\resources\static\images" />
      <recent name="C:\class\springProject\hike-project\src\main\webapp\WEB-INF\views\club" />
    </key>
  </component>
  <component name="RunManager">
    <configuration name="Tomcat 9.0.93" type="#com.intellij.j2ee.web.tomcat.TomcatRunConfigurationFactory" factoryName="Local" APPLICATION_SERVER_NAME="Tomcat 9.0.93" ALTERNATIVE_JRE_ENABLED="false" nameIsGenerated="true">
      <option name="OPEN_IN_BROWSER_URL" value="http://localhost:8090/hike/" />
      <option name="UPDATING_POLICY" value="restart-server" />
      <deployment>
        <artifact name="hike-project:war exploded">
          <settings>
            <option name="CONTEXT_PATH" value="/hike_project_war_exploded" />
          </settings>
        </artifact>
      </deployment>
      <server-settings>
        <option name="BASE_DIRECTORY_NAME" value="2e04dcf8-fe13-4c3b-8816-60e597a8ea13" />
      </server-settings>
      <predefined_log_file enabled="true" id="Tomcat" />
      <predefined_log_file enabled="true" id="Tomcat Catalina" />
      <predefined_log_file id="Tomcat Manager" />
      <predefined_log_file id="Tomcat Host Manager" />
      <predefined_log_file id="Tomcat Localhost Access" />
      <RunnerSettings RunnerId="Debug">
        <option name="DEBUG_PORT" value="56059" />
      </RunnerSettings>
      <ConfigurationWrapper VM_VAR="JAVA_OPTS" RunnerId="Cover">
        <option name="USE_ENV_VARIABLES" value="true" />
        <STARTUP>
          <option name="USE_DEFAULT" value="true" />
          <option name="SCRIPT" value="" />
          <option name="VM_PARAMETERS" value="" />
          <option name="PROGRAM_PARAMETERS" value="" />
        </STARTUP>
        <SHUTDOWN>
          <option name="USE_DEFAULT" value="true" />
          <option name="SCRIPT" value="" />
          <option name="VM_PARAMETERS" value="" />
          <option name="PROGRAM_PARAMETERS" value="" />
        </SHUTDOWN>
      </ConfigurationWrapper>
      <ConfigurationWrapper VM_VAR="JAVA_OPTS" RunnerId="Debug">
        <option name="USE_ENV_VARIABLES" value="true" />
        <STARTUP>
          <option name="USE_DEFAULT" value="true" />
          <option name="SCRIPT" value="" />
          <option name="VM_PARAMETERS" value="" />
          <option name="PROGRAM_PARAMETERS" value="" />
        </STARTUP>
        <SHUTDOWN>
          <option name="USE_DEFAULT" value="true" />
          <option name="SCRIPT" value="" />
          <option name="VM_PARAMETERS" value="" />
          <option name="PROGRAM_PARAMETERS" value="" />
        </SHUTDOWN>
      </ConfigurationWrapper>
      <ConfigurationWrapper VM_VAR="JAVA_OPTS" RunnerId="Profile">
        <option name="USE_ENV_VARIABLES" value="true" />
        <STARTUP>
          <option name="USE_DEFAULT" value="true" />
          <option name="SCRIPT" value="" />
          <option name="VM_PARAMETERS" value="" />
          <option name="PROGRAM_PARAMETERS" value="" />
        </STARTUP>
        <SHUTDOWN>
          <option name="USE_DEFAULT" value="true" />
          <option name="SCRIPT" value="" />
          <option name="VM_PARAMETERS" value="" />
          <option name="PROGRAM_PARAMETERS" value="" />
        </SHUTDOWN>
      </ConfigurationWrapper>
      <ConfigurationWrapper VM_VAR="JAVA_OPTS" RunnerId="Run">
        <option name="USE_ENV_VARIABLES" value="true" />
        <STARTUP>
          <option name="USE_DEFAULT" value="true" />
          <option name="SCRIPT" value="" />
          <option name="VM_PARAMETERS" value="" />
          <option name="PROGRAM_PARAMETERS" value="" />
        </STARTUP>
        <SHUTDOWN>
          <option name="USE_DEFAULT" value="true" />
          <option name="SCRIPT" value="" />
          <option name="VM_PARAMETERS" value="" />
          <option name="PROGRAM_PARAMETERS" value="" />
        </SHUTDOWN>
      </ConfigurationWrapper>
      <method v="2">
        <option name="Make" enabled="true" />
        <option name="BuildArtifacts" enabled="true">
          <artifact name="hike-project:war exploded" />
        </option>
      </method>
    </configuration>
  </component>
  <component name="SharedIndexes">
    <attachedChunks>
      <set>
        <option value="bundled-jdk-9823dce3aa75-28b599e66164-intellij.indexing.shared.core-IU-242.23726.103" />
        <option value="bundled-js-predefined-d6986cc7102b-5c90d61e3bab-JavaScript-IU-242.23726.103" />
      </set>
    </attachedChunks>
  </component>
  <component name="SpellCheckerSettings" RuntimeDictionaries="0" Folders="0" CustomDictionaries="0" DefaultDictionary="애플리케이션 수준" UseSingleDictionary="true" transferred="true" />
  <component name="TaskManager">
    <task active="true" id="Default" summary="디폴트 작업">
      <changelist id="5dd4b3f7-9973-45cb-8a01-7d0a7433cd42" name="변경" comment="" />
      <created>1730852034374</created>
      <option name="number" value="Default" />
      <option name="presentableId" value="Default" />
      <updated>1730852034374</updated>
      <workItem from="1730852035445" duration="12185000" />
      <workItem from="1730865184095" duration="113000" />
      <workItem from="1730879610525" duration="19091000" />
      <workItem from="1730936787878" duration="4863000" />
      <workItem from="1730942006667" duration="17650000" />
      <workItem from="1730964054423" duration="441000" />
      <workItem from="1730964603934" duration="1072000" />
    </task>
    <task id="LOCAL-00001" summary="&quot;Design: 일정 페이지 css 다시 추가&quot;">
      <option name="closed" value="true" />
      <created>1730951479984</created>
      <option name="number" value="00001" />
      <option name="presentableId" value="LOCAL-00001" />
      <option name="project" value="LOCAL" />
      <updated>1730951479984</updated>
    </task>
    <option name="localTasksCounter" value="2" />
    <servers />
  </component>
  <component name="TypeScriptGeneratedFilesManager">
    <option name="version" value="3" />
  </component>
  <component name="VcsManagerConfiguration">
    <MESSAGE value="&quot;Design: 일정 페이지 css 다시 추가&quot;" />
    <option name="LAST_COMMIT_MESSAGE" value="&quot;Design: 일정 페이지 css 다시 추가&quot;" />
  </component>
  <component name="XSLT-Support.FileAssociations.UIState">
    <expand />
    <select />
  </component>
</project>